,term,term_score,idf_score,REF_score,EPMC%coverage
0,bar charts,2120.8302753000007,6.156978985585555,0,0.25606
1,type ii errors,4249.437611200003,4.634728988229637,0,3.3731400000000002
2,cross-case analysis,192.08486100000007,7.2841348061952065,0,11.487
3,hypothesis,56056.28787989984,2.0794415416798357,187,28.273159999999997
4,critical theory,1025.8891625,5.82600010738045,27,3.7945
5,prediction,19304.152131700026,3.0445224377234235,396,11.2957
6,participatory action research,455.8232706999999,6.947937068614969,27,0.20815999999999998
7,one-way analysis of variance,5839.538012999994,3.9889840465642745,0,7.2694
8,measures of association,791.7579344999992,5.808142489980444,0,11.05666
9,effect size,48644.86463899991,3.0445224377234235,13,30.315920000000002
10,tape-recording,3869.4596727000026,4.430816798843313,1,0.40166
11,manifest variables,814.6825557000003,6.0330862217988015,0,0.72778
12,cooperative inquiry,136.23470309999996,7.965892735084528,0,0.0695
13,parametric models,412.81881430000016,7.152268856032539,5,1.84086
14,semiotics,765.7067746000001,6.9994224675079595,7,0.01656
15,population mean,396.46135610000016,6.579251212010101,3,23.39646
16,representative samples,4675.997958300004,4.174387269895637,7,10.941360000000001
17,emergent design,20.5068098,8.954673628956414,1,0.6409600000000001
18,rasch models,8451.976338600001,5.198497031265826,0,0.06566
19,intersubjectivity,2065.1697654000004,5.768320995793773,4,0.01906
20,scatterplots,1482.268188799998,5.575949103146316,0,0.20465999999999998
21,research synthesis,571.3352188999995,6.3613024775729965,11,25.035220000000002
22,logit and probit models,967.2131752999999,6.200509174042691,0,0.02588
23,marketing research,804.5613172000003,5.958424693029783,7,1.2233399999999999
24,"critical reading, writing and thinking",2689.3683762,4.9344739331306915,0,0.1024
25,agglomerative methods,39.56088019999999,8.83695515733143,0,0.0784
26,statistical tests,2750.0140292999968,4.787491742782046,5,16.6473
27,group dynamics,16381.546062500007,3.6375861597263857,8,5.797540000000001
28,methodological pluralism,188.14970769999988,7.357556200910352,2,0.0091
29,control groups,40243.899047100036,2.8332133440562166,11,39.14192
30,data management,1027.0577364000003,5.4510384535657,46,18.3467
31,reexpression,32.4942567,8.782783017393202,0,0.10026
32,teaching research methods,271.88474229999997,7.044905117129371,1,2.8786400000000003
33,prospective data,281.09160990000004,6.735780014242327,0,10.99896
34,coding scheme,2542.0363838000035,4.955827057601262,4,1.0893
35,career development,37674.34652229999,3.688879454113936,50,2.0112200000000002
36,practical skills,14119.890127099932,3.828641396489095,15,1.19624
37,professional communication,15489.426803599856,3.1354942159291497,2,2.2166799999999998
38,doing research,2193.7157823000025,4.787491742782046,9,5.12846
39,data collection skills,6.6343345000000005,10.341032554107702,0,1.66432
40,interval variables,528.4888313000001,6.3835066348840055,0,6.45186
41,emancipatory research,342.97511220000007,6.6385677891665225,0,0.0098
42,integrity,2679.2918931000017,5.159055299214528,209,9.564119999999999
43,ethical codes,2432.4884896999993,5.147494476813453,4,0.6554399999999999
44,evidence-based practice,5505.955344599992,4.852030263919617,67,11.18402
45,interval scales,1196.8716140999984,5.8998973535824915,0,1.5768
46,generalizability,8522.294413099962,3.970291913552122,4,1.7661799999999999
47,sampling error,2720.0964653000033,5.093750200806762,1,3.80324
48,positivism,1742.3147647999995,5.605802066295998,2,0.0182
49,interpretivism,136.2133228,7.537430036586509,0,0.0017
50,verification,2051.6223128999995,5.62040086571715,154,2.62958
51,hermeneutics,994.3523294,6.2878585601617845,8,0.02588
52,vignettes,8678.011441399989,4.51085950651685,9,0.26208000000000004
53,graph theory,87.48889940000002,8.17188200612782,6,0.7832600000000001
54,survey research,32987.583744799515,2.5649493574615367,25,14.0452
55,case study research,10251.261067699981,3.7612001156935615,29,41.9198
56,validity,36122.7796116008,2.5649493574615367,234,9.01422
57,construct validity,10767.105456799965,3.713572066704309,8,1.64372
58,applied research,1832.1097244000007,4.997212273764115,182,44.09758
59,data linkage,536.9369499999998,6.792344427470808,11,5.11416
60,automated text analysis,151.16193859999996,8.469052816088304,1,0.85708
61,attitude scales,3614.382365500008,4.875197323201151,0,0.43526000000000004
62,collage inquiry,0,11.727334985438429,0,0.0012
63,cluster sampling,432.55995999999976,6.3189681137464335,0,2.07606
64,contemplative inquiry,16.8982384,10.117872862176439,0,0.0041600000000000005
65,computational modeling,810.4618209000004,6.1158921254830325,3,2.14222
66,data visualization,688.4484872999997,6.284134161070802,0,5.16436
67,credibility,2435.7077699000047,5.4638318050256105,172,0.7709199999999999
68,ratio variables,585.8063812999999,6.38856140554563,0,9.05438
69,behaviorism,2720.4100783999993,5.198497031265826,0,0.04118
70,video research,4975.730422100006,4.442651256490317,2,4.0688
71,non-participant observation,27.8662019,9.162304922937627,1,1.2260799999999998
72,autoethnography,152.18980349999995,8.782783017393202,3,0.00288
73,feminist research,2627.3307951999977,5.1179938124167546,2,0.08038
74,photo elicitation,80.589924,8.63621989783788,3,0.01296
75,cronbach's alpha,44738.52193280018,2.8332133440562166,1,0.5845
76,nominal scales,342.97388049999995,6.670766320845875,0,0.2229
77,artistic inquiry,7347.661103,5.5683445037610975,1,0.024919999999999998
78,historical materialism,152.2617768,7.920446505142608,1,0.013040000000000001
79,classification,22136.70514729979,3.4011973816621555,250,16.05242
80,structural analysis,1236.7351272000008,5.472270673671472,15,17.68066
81,critical realism,1277.1278858999992,5.918893854273146,2,0.07488
82,auditing,602.3395110999999,6.5337888379333435,62,0.19654000000000002
83,idealism,587.8111557999998,6.495265555937007,9,0.04214
84,interview guides,888.9762810000003,5.942799375126701,0,0.1726
85,z-score,12806.7836043,3.7612001156935615,2,4.50862
86,safe fieldwork,0,11.727334985438429,0,0.0465
87,coefficient of variation,678.4060275999999,6.437751649736401,2,4.8231
88,data reconstruction,70.42739100000001,8.63621989783788,0,3.6254
89,interquartile range,630.6097332,6.2709884318582985,2,2.51832
90,replication,7813.656132799968,4.0943445622221,80,10.3178
91,semi-interquartile range,33.530092700000004,9.424725681616492,0,0.14758
92,factorial design,2950.196765599999,4.51085950651685,4,0.8459
93,f-tests,1810.234617499998,5.318119993844216,0,18.12282
94,simultaneous equations,124.2691408,7.7016523626422275,0,0.52064
95,double hermeneutic,110.63083350000002,8.261526448396468,0,0.0041600000000000005
96,poisson regression,344.43029920000015,7.344719054149673,4,0.8142199999999999
97,logical empiricism,932.7498952999997,6.07993319509559,1,0.01944
98,environmental stimuli,566.4671500999991,6.113682179832232,1,1.9877
99,matched pairs,7048.182255899995,4.189654742026425,1,2.44426
100,researcher development,183.21390400000007,7.05444965813294,5,1.46632
101,similarity measures,774.7766682000004,6.142037405587356,1,1.9240599999999999
102,quantitative data collection,2812.484537199997,4.804021044733257,2,6.15156
103,personal experience,8601.963366999958,3.5263605246161616,14,5.4229199999999995
104,axial coding,475.7571216000004,6.4183649359362125,0,0.26832
105,range,14911.911396,2.8332133440562166,3526,66.01595999999999
106,pareto chart,0,11.727334985438429,0,0.01196
107,quasi-experimental designs,3523.354440499998,4.852030263919617,0,0.14157999999999998
108,negative cases,435.96490070000004,6.315358001522335,1,20.964779999999998
109,wilcoxon test,994.9493524999997,6.045005314036013,0,3.01074
110,paired t-test,5428.0634405999845,4.4067192472642525,0,6.37134
111,photographs,6967.628987099997,4.454347296253506,191,2.81508
112,mann-whitney u test,1575.1284928000002,5.613128106388071,0,3.9282199999999996
113,memos,285.1376769000001,6.814542897259956,6,0.06427999999999999
114,oral history interviews,208.4342885,7.815207062189088,10,0.32952
115,central limit theorem,82.9325546,8.116417072794205,0,0.15095999999999998
116,probability distribution,637.7106326999998,6.495265555937007,11,8.3947
117,inscription,350.0823977999997,7.101675971619444,19,0.09118
118,induction,6123.925676200013,4.6443908991413725,105,23.071839999999998
119,semantic differentials,3645.0538474,4.969813299576002,0,0.0048
120,cultural relativism,375.33590090000007,6.716594773520978,0,0.0155
121,covert research,18.5117338,9.424725681616492,0,0.27914
122,visual representations,1286.1314268000008,5.641907070938113,16,0.9172600000000001
123,time-series design,228.9200572,7.238496840894365,0,7.38278
124,f-ratios,1058.2412206000004,5.752572638825632,0,7.32256
125,verstehen,156.1669628,8.17188200612782,0,0.00628
126,journal articles,2485.135801299996,4.709530201312334,282,17.62816
127,stakeholders,548.5965712000002,6.763884908562435,1041,1.4264
128,population variance,40059.735321000335,2.3978952727983707,1,7.027939999999999
129,methodology,4650.625548300031,4.07753744390572,1284,12.233139999999999
130,pearson's correlation coefficient,14121.777758699993,3.5553480614894135,0,1.6755
131,reasoning,15379.665418700031,3.1780538303479458,119,1.9973
132,abduction,849.5747874000003,6.556778356158043,11,0.60136
133,nominal variables,110.0882653,7.815207062189088,0,0.5939399999999999
134,deduction,847.8844954000003,6.156978985585555,4,0.32896
135,active interviews,34.347318,8.63621989783788,0,1.30126
136,netnography,0,11.727334985438429,0,0.0009599999999999999
137,data collection,10610.490293200004,3.258096538021482,261,24.52786
138,literature search,981.3395768999999,5.598421958998375,9,6.3879
139,theoretical saturation,107.50799100000002,7.552762084214147,0,0.7538
140,scepticism,1408.7859517999993,5.8664680569332965,33,0.19168
141,covariance,9364.2298799,3.80666248977032,10,2.46108
142,descriptive statistics,6484.5648568999995,3.80666248977032,2,3.7223599999999997
143,factor analysis,59826.471747100324,2.6390573296152584,10,41.61258
144,lisrel,1851.3441966999987,5.37989735354046,0,0.042480000000000004
145,statistical packages,1593.5624243000007,4.983606621708336,0,0.8776799999999999
146,multiple voices,398.2366365999998,6.77078942390898,5,0.17832
147,item response theory,20403.03183290004,4.356708826689592,0,0.82676
148,complexity theory,556.4244203999998,7.026426808699638,9,1.6867400000000001
149,practitioner research,840.8678236999997,5.966146739123692,11,3.03188
150,thick description,241.52748219999998,7.035268599281098,1,1.11916
151,documentary research,307.5639061000003,6.777646593635117,10,0.12182
152,qualitative data collection,262.0483055,6.799055862058796,5,2.56892
153,historical research,1464.0469069000005,5.204006687076795,134,4.66514
154,content analysis,4584.145563600006,4.454347296253506,30,23.03922
155,proxy variables,192.99787869999997,7.00850518208228,1,1.13032
156,types of variable,878.1448208999997,5.717027701406223,0,9.50388
157,box-and-whisker,461.78913300000016,6.703188113240862,0,0.28086
158,exploratory data analysis,3591.838319500001,4.770684624465665,3,2.47492
159,two-way analysis of variance,2665.0320793000005,4.882801922586372,0,6.924739999999999
160,planning research,1779.0928713000012,5.198497031265826,15,7.570139999999999
161,social constructionism,9399.327141100004,4.248495242049359,1,0.00828
162,second-order factors,6013.6046772999925,5.241747015059644,0,15.0152
163,semiparametric models,25.968712799999995,9.242420265439597,0,0.061720000000000004
164,random error,903.9320604999997,5.950642552587727,1,5.4741
165,least squares criterion,1295.635824,5.641907070938113,0,0.5706
166,positioning theory,526.4959916000001,6.843749949006225,0,0.3367
167,grant application,821.6296958999999,6.573680166960646,39,6.150519999999999
168,quality criteria,307.50822340000013,6.683360945766275,14,10.1923
169,principal components analysis,7321.592415400002,3.8918202981106265,2,3.2660400000000003
170,moderators,15142.951827200017,3.332204510175204,6,0.34114
171,cross-cultural research,12143.255218200014,3.688879454113936,2,1.8142200000000002
172,social desirability bias,11954.911731399981,4.110873864173311,0,0.3054
173,declaration of helsinki,527.3501199,5.780743515792329,4,3.26376
174,historiography,847.0344369,6.453624998892693,80,0.10664000000000001
175,large-scale research,1307.499116999999,5.288267030694535,18,18.82392
176,paradigms,9282.400989900008,3.6635616461296463,97,1.81082
177,multilevel analysis,7355.593639300002,4.31748811353631,7,0.68942
178,multiple analysis of variance,7744.538481399997,3.912023005428147,0,8.27788
179,postmodernism,2120.7895759,5.493061443340548,14,0.01466
180,relativism,1136.3752591000002,6.0112671744041615,4,0.02818
181,objectivism,391.17809670000014,7.05444965813294,0,0.00324
182,phenomenology,6270.303802700008,4.48863636973214,18,0.32874000000000003
183,rationalism,2692.1195739000004,5.181783550292085,1,0.016380000000000002
184,empiricism,578.9634296000003,6.293419278846482,7,0.0892
185,unobtrusive measures,429.2791164999999,6.324358962381313,0,0.046360000000000005
186,privacy,1764.4496015999994,5.68697535633982,81,1.2972
187,poststructuralism,268.39372270000007,7.162397497355718,2,0.0019399999999999999
188,comparative research,3418.4958573999957,4.290459441148391,55,30.1997
189,systematic review,3264.663756500004,5.081404364984463,297,8.72526
190,interviewer effects,542.8659759999998,7.238496840894365,0,0.5297
191,ordinal variables,362.8553056000002,6.597145701886651,0,0.63364
192,archival research,3785.224630500005,4.59511985013459,101,0.44922
193,stem-and-leaf,191.0209606,7.8559321997186125,0,0.70282
194,computer-assisted telephone interviews,249.61515430000003,7.492760300922379,0,0.12714
195,central tendency,978.0883341000003,6.375024819828098,1,3.10664
196,autobiography,1467.9916484999985,5.575949103146316,27,0.1539
197,biographical research,2145.3713505000023,5.062595033026967,9,0.14182
198,regression coefficient,4709.216883200007,4.430816798843313,0,4.11838
199,data archives,233.5638508,7.568379267836523,2,2.2593400000000003
200,conditional probability,1513.1366736,5.777652323222656,4,0.9511799999999999
201,program evaluation,2311.0924047999993,4.867534450455582,2,9.7784
202,meta-synthesis,107.25706100000001,8.038189179973202,3,1.50108
203,rational choice theory,733.1671722,6.0661080901037465,2,0.21048000000000003
204,polling,739.6137282999997,6.1158921254830325,17,0.052360000000000004
205,student's t-distribution,625.8807204999998,6.139884552226255,0,4.39752
206,nested variables,22.861783400000004,9.088172738001974,0,0.82562
207,kaiser-meyer-olkin test,763.2280800000008,6.1268691841141845,0,0.05458
208,data synthesis,323.58220989999967,7.409741954080922,4,17.801479999999998
209,split-half reliability,9772.628354999999,3.871201010907892,0,0.25244
210,pie charts,304.07479119999994,7.666690200080086,1,0.15944
211,control variables,6511.095277000001,4.110873864173311,0,12.54378
212,sensitive topics,13547.230897500007,4.189654742026425,1,0.7048800000000001
213,random allocation,4451.520977099999,4.0943445622221,1,2.99626
214,response rates,5756.131720299996,4.110873864173311,17,16.10642
215,single cases,3688.118876400003,4.997212273764115,0,26.22578
216,gender difference,27652.911190499955,3.218875824868201,2,6.27426
217,units of analysis,2185.0261601999987,5.075173815233828,3,14.48422
218,triangulation,543.9890361000001,6.828712071641682,16,0.3057
219,dichotomous variables,1285.0267153999985,5.375278407684165,0,1.10134
220,standard deviations,31011.85520490002,2.4849066497880004,7,6.16594
221,multiple realities,221.3802737999999,7.111512116496158,1,0.1806
222,event history analysis,723.6071547999996,6.22455842927536,1,3.75526
223,longitudinal analysis,1378.472926899998,5.393627546352364,15,7.282939999999999
224,longitudinal research,26148.663259400117,2.772588722239781,36,9.33398
225,constant comparison,1147.0503872999998,5.7589017738772785,1,9.59458
226,fieldwork,8450.40520869998,3.5553480614894135,255,0.41722
227,focus groups,14285.128515500004,4.143134726391533,188,11.351339999999999
228,thematic analysis,2486.239393900001,5.14166355650266,7,0.84924
229,dummy variables,3233.9431849999933,4.736198448394496,0,0.4941
230,questionnaire design,2164.6764067999993,4.7791234931115305,13,5.06604
231,mixed methods,4043.190816400004,5.062595033026967,68,17.41292
232,populations,17395.48482249991,2.9444389791664403,554,26.00852
233,materialism,1282.0994156000004,6.297109319933933,10,0.04092
234,latent variable models,1905.477370600001,5.170483995038151,1,0.7142
235,pre-test interviews,74.52181409999999,8.261526448396468,0,0.8701399999999999
236,estimation methods,1919.8219671999973,5.278114659230517,7,8.04606
237,maximum likelihood estimation,14636.413236999982,3.6635616461296463,2,1.3281399999999999
238,innovative methods,406.15937210000016,6.280395838960196,46,2.39794
239,latent trait analysis,11395.636323499995,4.84418708645859,0,0.19494
240,latent class analysis,9490.845667400004,5.697093486505405,3,0.7145
241,educational research,8084.146910200008,3.7376696182833684,93,6.919760000000001
242,demography,1299.749227999997,5.2094861528414205,40,1.7963799999999999
243,structured observation,136.8857883,7.507690077819903,0,1.4217600000000001
244,exploratory research,7775.240263299983,4.007333185232471,20,3.2969800000000005
245,translation,8678.42906139996,3.9318256327243257,602,9.37694
246,literature review,9351.555549400031,3.4011973816621555,156,20.821579999999997
247,bivariate regression,1170.6108984999996,5.4638318050256105,0,1.1062
248,ethical approval,1403.897334,4.919980925828125,9,3.8339199999999996
249,turn-taking,2151.595067100001,5.605802066295998,2,3.6712
250,psychometrics,8636.215127799987,3.688879454113936,4,1.46024
251,analysis of variance,32880.75745379997,2.3978952727983707,4,17.53506
252,canonical correlation,3041.9744853,5.594711379601837,0,1.09128
253,analysis of covariance,5898.278638300008,4.07753744390572,2,1.9897200000000002
254,logistic regression,17670.30970580003,3.8501476017100575,12,8.280380000000001
255,writing research,983.5745354999997,5.493061443340548,11,7.7499199999999995
256,log-linear analysis,2153.3373763,5.849324779946859,0,3.7188
257,secondary research,225.4842883,7.0630481633881725,12,30.793879999999998
258,meta-analysis,10754.819659000028,3.951243718581428,196,8.228639999999999
259,prior probability,441.62784250000016,6.695798917058491,0,5.03986
260,research design,4714.971145099992,4.007333185232471,80,38.45794
261,levene's test,671.3726313999998,6.2285110035911835,0,0.20148
262,heteroscedasticity,68.6991974,8.089482474360754,0,0.08562
263,cook's distance,293.2802992,7.152268856032539,0,0.30432
264,survey weighting,289.9304405000001,6.597145701886651,0,0.35974
265,cognitive interviews,1397.1180746000016,5.521460917862246,1,1.146
266,critical resistance analysis,501.14662130000005,8.731497794063243,0,5.99726
267,achievement tests,5824.5976714999915,4.4998096703302615,0,0.8362
268,survival analysis,702.592572,6.4846352356352535,8,21.16882
269,fuzzy set,347.72693710000016,7.632885505395132,3,0.27671999999999997
270,research impact,2363.2616418000034,4.90527477843843,241,29.812479999999997
271,non-linearity,349.02747440000013,6.866933284461883,9,1.3108799999999998
272,life history interviews,505.68234550000017,6.906754778648554,2,1.09382
273,random variables,781.3499387999997,6.204557762568692,0,5.426819999999999
274,theoretical sampling,242.5168938,6.956545443151567,0,1.8247200000000001
275,nodes,3033.2208192999988,6.018593214496232,39,8.28378
276,praxis,827.6727970000003,6.161207321695078,49,1.1229
277,marxism,2341.1322211999995,5.641907070938113,7,0.00946
278,key concepts in research,85.11786859999997,7.7016523626422275,0,1.9320599999999999
279,coding,15328.271197100017,3.2958368660043287,93,13.070319999999999
280,life history research,23446.244568700033,3.218875824868201,0,10.520660000000001
281,data quality and data management,531.3488901000002,6.333279628139692,0,7.78264
282,feasibility,2351.4916095000026,5.25227342804663,387,6.5155400000000006
283,boolean logic,112.1226673,8.013674142832683,2,0.06724
284,visual research,2852.615689600001,5.0369526024136295,6,13.20776
285,cross-national research,2058.551898900001,4.969813299576002,6,14.699879999999999
286,categorical data analysis,419.1946327,6.568077911411978,1,4.49552
287,communality,967.2623077,6.0867747269123065,2,0.0253
288,critique,4911.00675990002,4.127134385045092,262,0.70714
289,in-vivo coding,40.50511,8.54927308487965,0,3.6816199999999997
290,hermeneutic cycle,188.4920089000001,7.396335293800808,0,0.00322
291,yates' correction,146.35668360000003,7.775695749915244,0,0.20406
292,internal reliability,4993.1945544999935,4.290459441148391,1,2.53228
293,bayes' theorem,514.2558036999999,6.821107472256465,0,0.66196
294,critical hermeneutics,53.0786732,8.954673628956414,0,0.00822
295,geographic information systems,641.6259686000002,6.906754778648554,12,1.2699799999999999
296,transferability,101.58190040000001,7.6496926237115135,20,0.2626
297,outliers,2079.9055771000017,5.389071729816501,16,1.76508
298,interaction order,1154.7401300999998,5.513428746164983,0,13.938979999999999
299,underlying distribution,326.4570649,6.882437470997847,1,12.02918
300,statistical modelling,1756.6205739999994,5.198497031265826,40,1.21278
301,homogeneity of regression,154.94937090000005,7.450660796211539,0,0.60252
302,null hypothesis,3620.341480500001,4.955827057601262,1,3.23208
303,type i errors,20373.10274900003,3.80666248977032,0,6.81066
304,cochran's q test,158.14268209999997,8.013674142832683,0,0.13716
305,hypothetico-deductivist methods,181.8689995,7.583756300707113,0,0.0001
306,critical value,1650.3187657000005,5.902633333401368,6,14.553320000000001
307,anonymity,1974.0631750000007,5.488937726156687,15,0.57086
308,fluctuations,1442.9479650000014,5.594711379601837,48,4.13232
309,data sharing,385.02458190000016,7.194436851100335,25,5.615819999999999
310,cross-sectional surveys,1331.1750239,5.645446897643237,5,2.25664
311,parameter estimation,3200.269429400001,5.181783550292085,11,2.45682
312,expected frequencies,746.6866702999995,6.274762021241939,0,4.23284
313,frequency distribution,1896.0179989,5.2094861528414205,3,15.43152
314,wilks' lambda,2883.431293300001,5.44673737166631,0,0.051660000000000005
315,mean scores,24559.811453300117,2.9444389791664403,1,10.868139999999999
316,covariance structure models,112.109646,7.683863980256429,0,0.65512
317,hawthorne effect,666.1038708000002,6.16541785423142,1,0.18044000000000002
318,correspondence analysis,615.6255920999997,7.194436851100335,1,26.39568
319,cross-tabulation,436.78991140000016,6.4085287910594975,0,0.17456
320,panel studies,547.2299099999998,6.16541785423142,0,11.3973
321,degrees of freedom,4291.0429118999955,4.4188406077965965,10,1.72472
322,transcription,5317.501378299992,4.262679877041316,68,24.350179999999998
323,social interaction,36702.160941300004,2.8332133440562166,52,4.46812
324,word frequency counts,93.37931319999998,8.089482474360754,0,0.14035999999999998
325,diary methods,3961.851916600002,5.14166355650266,0,0.63884
326,nested models,924.7387315999997,5.746203190540153,0,1.24414
327,actor network theory,344.24207040000016,7.738052297689316,2,0.04752
328,multivariate models,7604.057187599998,3.7841896339182615,1,4.67382
329,discriminant analysis,3440.706209499992,5.0369526024136295,4,1.15904
330,sample size,24758.263666199946,2.8903717578961645,33,24.22886
331,discursive psychology,2002.0797660999988,5.932245187448013,1,0.0231
332,causation,9819.13397580002,3.871201010907892,27,1.2911
333,missing data,10818.447041400032,3.7376696182833684,15,9.228660000000001
334,interdisciplinarity,470.7666594,6.3473892096560105,14,0.02536
335,interpretive phenomenological analysis,4463.3143549000015,5.7430031878094825,0,0.020919999999999998
336,reflexivity,902.20005,6.253828811575472,17,0.0649
337,graphs,6839.019908500006,4.584967478670572,40,3.3812800000000003
338,researcher skills,28.9875271,8.731497794063243,0,0.5293399999999999
339,study skills,1832.0439772999987,5.793013608384143,8,5.06914
340,robust regression,2.1912127000000003,10.628714626559486,1,2.92366
341,propensity scores,965.3882018000003,7.307872780763706,1,0.59154
342,propensity score matching,378.04633620000016,8.143807976771484,6,0.30904
343,chebyshev's theorem,0,11.727334985438429,0,0.004520000000000001
344,transformative paradigm,7.2822549,9.935567445999537,0,0.03182
345,ethnographic writing,57.201932000000006,8.35983738064003,0,0.04616
346,evaluation design,650.0936512999998,5.942799375126701,3,12.681939999999999
347,realism,3261.655369900001,5.2574953720277815,44,0.20268
348,dissimilarity measures,113.9885549,8.17188200612782,0,0.18366
349,path coefficient,4055.600411100001,4.867534450455582,0,1.02934
350,psycho-analytic theory,8110.6119955000295,3.912023005428147,0,0.04138
351,biographical interpretive method,137.8456671,9.329367078397825,0,0.00264
352,non-parametric statistics,2058.767546700001,4.962844630259907,1,1.19334
353,randomized controlled trials,9011.361157000016,4.043051267834549,24,7.5686800000000005
354,research proposals,364.0946576000002,6.633318433280377,20,1.16418
355,phi coefficient,690.2695414000003,6.645090969505644,0,0.09854
356,growth curve modelling,1331.8066430999995,6.3613024775729965,0,0.18744
357,conversation analysis,3203.791670500002,4.7535901911063645,2,0.60372
358,reliability,45152.47378379974,2.3978952727983707,344,8.51436
359,external reliability,70.03258110000002,8.261526448396468,0,1.32358
360,general linear models,2554.2708835999993,5.0689042022202315,0,6.21772
361,regression analysis,48502.60672109988,2.5649493574615367,15,20.61374
362,statistical inference,1056.7017283999996,5.634789603169249,10,1.44448
363,measurement,129426.00701930068,1.3862943611198906,742,30.3438
364,time-series analysis,1394.2763715999986,5.793013608384143,15,16.90456
365,process evaluation,992.8667449000012,5.572154032177764,17,12.822239999999999
366,data analysis skills,11.370326899999998,9.935567445999537,0,3.3114199999999996
367,discourse analysis,3786.436846900001,5.0304379213924335,27,0.38934
368,ethnomethodology,87.10285539999998,8.261526448396468,2,0.0028399999999999996
369,student success,1019.1598692999997,5.6937321388027,4,1.41456
370,endogenous variables,550.7204830999997,6.413458957167357,1,1.30198
371,kruskal-wallis test,643.3078977999999,6.398594934535207,0,2.00256
372,audience ethnography,0,11.727334985438429,0,0.0065
373,probability sampling,684.7966385999995,5.976350909297934,0,2.96524
374,phenomenological analysis,2527.8849373000007,5.303304908059076,4,0.3844
375,feminism,19180.50332909996,4.043051267834549,44,0.06352000000000001
376,ethnography,2239.579616099999,5.111987788356544,51,0.1051
377,postpositivism,166.92406519999997,7.632885505395132,0,0.0006799999999999999
378,panel data,353.66454149999987,6.590301048196688,12,12.05964
379,structural equation modelling,18838.532656800027,3.58351893845611,5,0.22712
380,econometrics,15.823986900000001,9.424725681616492,27,0.04186
381,path analysis,3774.2058155,4.9344739331306915,4,4.34558
382,simulation,12524.303836099929,4.02535169073515,436,9.98284
383,hypothesis testing,15019.168399799932,2.9444389791664403,4,6.646539999999999
384,likelihood functions,1217.5823769999995,5.924255797414531,0,2.6888
385,cochrane collaboration,266.94354619999984,6.914730892718563,29,2E-05
386,nuisance variables,117.75716999999996,7.616283561580385,0,0.13408
387,chi-square test,15844.884426099981,3.332204510175204,0,5.25256
388,realist synthesis,0,11.727334985438429,0,0.01602
389,moderation,40.91546930000001,8.469052816088304,21,0.39104
390,mediation,198.74862050000007,6.97354301952014,90,1.33732
391,photovoice,157.49138350000004,8.83695515733143,0,0.0153
392,sequential design,270.60787540000007,7.204892510204673,2,2.24402
393,concept mapping,495.03152440000014,7.370230641807081,0,1.21116
394,total survey error,0,11.727334985438429,0,1.8383200000000002
395,recruiting participants,4474.298023699987,4.043051267834549,2,0.75876
396,access,5152.577851100034,4.127134385045092,2044,47.36184
397,gatekeepers,231.442654,7.478734825567875,9,0.1492
398,independent variables,21478.804291800065,2.9444389791664403,3,10.40882
399,data mining,215.9210909,7.320526962272742,38,1.45916
400,summated scales,15029.408017899963,3.1354942159291497,0,0.01944
401,eigenvalues,1341.0171248999989,5.5174528964647065,2,0.50666
402,philosophy of research,1869.2405111999994,4.867534450455582,3,1.1571200000000001
403,intelligence tests,9862.555666300024,4.043051267834549,0,1.32572
404,social structures,12097.668593600005,3.5263605246161616,18,2.01694
405,path diagram,523.7133489,6.284134161070802,0,0.5511
406,delphi method,74.81567199999998,8.508354242749032,4,0.17172
407,bartlett's test,784.9939621000003,5.942799375126701,0,0.30574
408,bayesian statistics,2353.8925324999977,5.525452939131784,11,0.76218
409,research questions,9037.031239100032,3.6635616461296463,113,15.51242
410,collaborative research,5265.314137699998,4.3694478524670215,382,3.56544
411,qualitative evaluation,380.83459100000056,6.3421214187211525,17,2.98656
412,evaluation,35866.33080839972,2.6390573296152584,2204,50.0685
413,policy research,1341.3405912999986,5.288267030694535,192,9.01592
414,foucauldian discourse analysis,119.47762729999998,8.230577217146454,0,0.00472
415,q methodology,612.5795578000002,6.689599269178967,2,1.32912
416,r statistical package,612.5225584999997,6.045005314036013,0,3.7857800000000004
417,confidence intervals,16917.654975899968,3.332204510175204,17,7.1606
418,convergent validity,9139.834745600021,3.912023005428147,0,0.48778
419,objectivity,1777.8977563000012,5.181783550292085,28,0.32038
420,visual ethnography,13.743276999999999,9.781376414141157,3,0.01084
421,official statistics,105.7371759,7.632885505395132,24,1.9316799999999998
422,constructivism,236.66719410000002,7.183870715062453,3,0.01916
423,media analysis,236.38180930000004,6.965080345601407,13,15.132079999999998
424,public opinion research,160.3016023,7.249925536717987,4,2.45872
425,kolmogorov-smirnov test,579.5076091999998,6.315358001522335,0,0.9309
426,policy evaluation,530.8604141,6.432940092739179,25,3.1245
427,histograms,470.04679859999976,6.695798917058491,2,2.00904
428,structured interviews,4084.203436300001,4.454347296253506,75,1.9242
429,sampling,93380.94584720084,1.6094379124341005,198,14.79144
430,latent variables,9244.875703599979,4.465908118654584,2,0.89336
431,symbolic interactionism,337.4492253999999,6.922643891475888,0,0.01278
432,pragmatism,649.2206739000002,6.437751649736401,17,0.05156
433,denotation,282.2013128,7.507690077819903,0,0.01518
434,protocols,4937.195110199989,4.454347296253506,373,16.04082
435,monte carlo methods,1844.2179978,5.594711379601837,4,1.43274
436,participant observation,1576.1638683000022,5.356586274672011,36,1.45908
437,chicago school,282.7019274000001,6.716594773520978,0,3.96982
438,multiple regression,23020.66791650002,3.2958368660043287,3,11.08262
439,confirmatory factor analysis,14837.797209299983,3.58351893845611,2,0.83368
440,univariate analysis,2993.196664600007,4.564348191467836,0,4.2956
441,dispersion,783.5092079000011,6.709304340258298,61,3.48106
442,bootstrapping,1245.5055083000007,5.564520407322693,3,0.57512
443,resampling,441.23515160000017,6.356107660695892,2,0.44482
444,agent-based simulation,263.6361236,8.013674142832683,2,0.4896
445,unfolding method,35.4312625,9.019179866515024,0,0.47973999999999994
446,sensitising concepts,62.0622036,8.293299358711323,0,0.00456
447,natural logarithm,289.4712576999998,6.689599269178967,0,0.51808
448,naturalistic inquiry,252.2690821,6.836259277277068,0,0.028839999999999998
449,cohort effects,860.6424283999995,6.480044561926652,4,7.6513
450,snowball sampling,927.5441683999996,5.655991810819852,1,0.12694
451,kendall's rank correlation,2109.959022900001,6.042632833682381,0,0.07166
452,internal validity,1348.386226099999,5.393627546352364,1,2.6974
453,random factors,552.2934117999998,6.2709884318582985,0,11.21128
454,permutation,439.7692464,6.898714534329987,1,0.89202
455,nash equilibrium,158.83884009999994,9.019179866515024,0,0.0512
456,funnel plots,551.5014338999998,7.05444965813294,2,0.3042
457,aptitude tests,2061.2217546999977,5.442417710521793,0,0.131
458,epidemiology,1825.4428449000006,5.087596335232384,258,14.626320000000002
459,levels of measurement,1120.1150115,5.4847969334906574,0,14.142539999999999
460,elite interviews,288.85715919999996,7.344719054149673,6,0.03872
461,theory testing,2333.829967399997,4.787491742782046,0,2.80368
462,significance testing,4329.7508280999955,4.5217885770490405,0,8.20384
463,online surveys,4173.744492099992,4.382026634673881,13,1.32284
464,kurtosis,802.7951885000003,6.07993319509559,1,0.27402
465,observed frequencies,578.1344735,6.246106765481563,0,6.79604
466,spearman's rank order correlation,4197.827052599996,4.919980925828125,0,0.5593600000000001
467,semi-structured interviews,5644.939052700009,4.1588830833596715,62,1.0109
468,goodness-of-fit test,5811.040550099991,4.174387269895637,0,0.9613200000000001
469,ideologies,7772.0868947000135,4.430816798843313,37,0.0847
470,standard error,15224.655257100045,3.4657359027997265,1,13.04646
471,creative interviewing,5.1740025,10.341032554107702,0,0.32284
472,cohort studies,1339.8019613,5.402677381872278,46,16.51908
473,crisis of representation,31.734392,8.894121641382213,0,0.13884000000000002
474,impression management,6872.132772300012,4.736198448394496,2,0.70028
475,partial correlation,4932.815563899997,4.553876891600541,1,4.8529
476,association models,478.6540989,6.597145701886651,1,16.23074
477,open coding,902.0144225999996,5.752572638825632,1,6.700819999999999
478,field relations,165.0643624999999,7.0825485693553,1,1.66376
479,game theory,313.46826590000006,6.947937068614969,4,0.40142
480,computer-assisted qualitative data analysis,154.66139450000009,7.0925737159746784,0,0.31574
481,observational research,20973.54474480002,2.9444389791664403,9,5.01386
482,diffuse comparisons,13.7033524,9.935567445999537,0,0.85714
483,functionalism,481.6866033,6.683360945766275,1,0.00868
484,falsification,599.8625389000001,6.77078942390898,0,0.09137999999999999
485,qualitative measures,376.74026489999983,6.511745329644728,1,2.4722
486,diagnostics,1159.6943217000007,5.648974238161206,202,5.7933
487,statistical control,420.50327220000014,6.464588303689961,1,28.008879999999998
488,t-test,14916.934617700024,3.1780538303479458,1,53.20834
489,scientific method,1465.2218567999987,5.159055299214528,5,12.24564
490,professional skills,527.0322863000001,6.253828811575472,16,1.81198
491,repeated measures design,4696.685276699997,4.248495242049359,1,3.9621800000000005
492,relational data,95.258805,7.8559321997186125,4,0.58232
493,markov chain,952.2695343999997,6.135564891081739,18,0.69428
494,research report,2923.9259924999956,4.343805421853683,300,47.39332
495,covariance matrix,3402.847310699993,4.74493212836325,1,1.2441
496,representation of reality,321.10084590000025,6.539585955617667,1,0.47594
497,cross-sectional design,8079.379420600006,3.6375861597263857,0,4.63784
498,investigator bias,255.1651517,6.77078942390898,0,1.04862
499,census data,3744.9104016000047,4.584967478670572,29,1.8883599999999998
500,lorenz curve,1.2031788,11.03417973466765,0,0.06608
501,forecasting,1238.7271288000004,6.882437470997847,143,1.91314
502,naturally occurring data,274.45059840000005,6.843749949006225,0,2.78966
503,research bias,1943.7489272,5.075173815233828,0,12.4139
504,sample bias,1468.0994600999998,5.123963979403259,0,7.74826
505,social reality,4876.455239100002,4.262679877041316,3,1.15382
506,rhetoric,3027.1209063999977,5.3230099791384085,71,0.15882000000000002
507,question formation,414.3491721,6.139884552226255,0,6.0845199999999995
508,personality inventories,7194.560505300031,4.30406509320417,0,0.04382
509,categorical variables,1054.9509632000004,5.6167710976665735,0,4.04104
510,cohort analysis,157.78242859999997,7.1731917424865985,5,13.04134
511,epistemology,2630.215490199998,4.890349128221754,14,0.07216
512,documentary analysis,342.4263901000001,6.626717749249027,19,0.08814
513,experimental groups,13013.92853279999,3.6375861597263857,3,21.335279999999997
514,statistical significance,5071.043671600003,4.1588830833596715,11,19.90372
515,social change,12650.500657000011,3.4657359027997265,86,8.1893
516,dependent variables,29882.185498499915,2.5649493574615367,2,7.4154800000000005
517,experimental design,19364.761526100006,2.772588722239781,29,13.7574
518,theory,61386.59583309946,1.9459101490553128,1195,15.9807
519,process theory,1581.7060086000006,5.288267030694535,1,6.44486
520,nvivo,96.92865939999996,7.6496926237115135,0,0.22014
521,atlas.ti,48.62185610000001,8.54927308487965,0,0.21345999999999998
522,small area estimation,0,11.727334985438429,3,2.6398
523,research with children,18405.1499145,2.9957322735539917,47,21.9503
524,random effects model,2408.1255832,5.424950017481403,1,8.39076
525,ordinary least squares,2159.4753731999995,5.493061443340548,4,0.34592
526,ratio scales,629.2769994000001,6.7855876450079275,0,2.28428
527,purposive sampling,888.6285778000004,5.497168225293202,1,0.2761
528,spatial analysis,712.5327518999997,6.173786103901937,27,8.20302
529,social media research,4059.604444600002,6.1092475827643655,1,2.4943400000000002
530,odds ratio,5853.272702500009,4.6443908991413725,23,7.84744
531,individual differences,26713.514424899986,2.8332133440562166,31,24.88268
532,intervention studies,58176.712710399726,2.5649493574615367,21,14.00622
533,ethnographic interviews,208.59743370000007,7.162397497355718,0,0.15598
534,ontology,2145.0111102999986,5.493061443340548,35,1.5888799999999998
535,syntax,1409.5184004000002,5.843544417031361,40,0.32248000000000004
536,homogeneity of variance,736.7674761,5.66988092298052,1,0.78878
537,mixed effects model,1230.2005872000007,6.008813185442595,0,8.76416
538,narrative research,16915.125596300044,3.8501476017100575,1,0.9759200000000001
539,multicollinearity,535.7388837000003,5.963579343618448,0,0.32702
540,action science,309.8184993000001,7.370230641807081,0,9.25106
541,action research,1857.8395706000013,5.5373342670185375,189,26.22164
542,oral history research,1131.3726515999992,6.375024819828098,7,4.20102
543,textual analysis,960.6443722999996,5.902633333401368,22,0.20622
544,grounded theory,4302.156778799998,5.198497031265826,15,0.59568
545,narrative analysis,1017.4948575000006,5.831882477283517,6,0.75232
546,informed consent,4702.360446999985,4.043051267834549,19,15.211039999999999
547,research ethics,3855.458172199998,4.442651256490317,18,13.06504
548,research funding,3576.535508899989,4.276666119016055,280,16.77218
549,residuals,1935.4993683000007,5.093750200806762,4,1.27948
550,historicism,94.3547483,8.261526448396468,3,0.0018800000000000002
551,qualitative comparative analysis,212.6974381,7.492760300922379,3,1.21928
552,online interviews,330.2067110000001,7.0825485693553,2,0.7628
553,intercoder reliability,789.5125127,6.0112671744041615,0,0.021159999999999998
554,organizational research,863.8125051000003,5.700443573390688,0,2.1269400000000003
555,best linear unbiased estimator,9.262357699999999,9.935567445999537,0,0.054439999999999995
556,box-score method,4.5137363,10.628714626559486,0,1.69354
557,vulnerable groups,20370.163720599998,3.5263605246161616,46,2.74146
558,mobile methodologies,24.4831991,8.954673628956414,0,0.17107999999999998
559,p-value,9715.904715999955,4.043051267834549,13,43.31262
560,contingency tables,1049.1332431000003,5.961005339623274,1,0.36332
561,thesis,461.9510303000001,6.480044561926652,217,2.44824
562,in-depth interviews,3983.369137299992,4.804021044733257,65,1.0560399999999999
563,cointegration,36.55303580000001,9.329367078397825,0,0.01892
564,personal narratives,1310.3665749999989,5.739792912179233,8,0.28542
565,projective techniques,1094.3709176999996,6.139884552226255,2,0.13054000000000002
566,contextual effects,1314.6747910999998,5.68697535633982,2,1.0865
567,feminist epistemology,170.87097060000005,7.943072717277932,0,0.00288
568,frankfurt school,260.08940730000006,7.05444965813294,2,0.22061999999999998
569,indexicality,89.61581479999998,8.591743922680534,1,0.0009599999999999999
570,unit non-response,3.8078868,10.341032554107702,0,8.74328
571,spurious correlation,248.653438,7.1316985104669115,1,0.45692
572,expert interviews,560.8696476999999,7.383368146992383,7,0.55488
573,subjectivity,4912.524846500002,4.727387818712341,42,0.33812
574,multiple methods,623.1122197999998,6.028278520230697,8,36.68594
575,telephone surveys,594.3618942000004,6.428105272684598,0,0.9776600000000001
576,post-hoc analysis,5890.071032400011,4.189654742026425,0,5.53558
577,queer theory,711.9105442000001,7.344719054149673,11,0.02012
578,insider action research,0,11.727334985438429,0,0.01728
579,design-based research,140.30428599999996,7.422971251049421,2,26.332240000000002
580,mindfulness,9608.276542299998,5.71042701737487,6,0.23942
581,dissertation,154.7862898,7.320526962272742,41,1.6493400000000003
582,thurstone scales,113.03429209999999,7.920446505142608,0,0.00528
583,maxqda,1.9033048,11.03417973466765,0,0.02658
584,continuous variables,2270.266830300001,4.875197323201151,1,7.280639999999999
585,poetic inquiry,339.0774872999998,7.204892510204673,0,0.006640000000000001
586,consensus,5264.708334099999,4.7535901911063645,382,11.48518
587,ecological validity,1833.754631500004,5.0998664278242005,5,0.39328
588,external validity,2177.564077700001,5.075173815233828,5,1.6332200000000001
589,multiple-choice questions,3165.1607761000023,4.997212273764115,2,2.06588
590,exogenous variables,886.0945207999989,5.934894195619588,0,0.7026
591,communicating and disseminating research,1003.1747644999997,5.488937726156687,1,0.03138
592,introspection,1347.1037581000012,6.049733455231958,3,0.08588
593,publishing your research,187.8849268,7.111512116496158,0,1.3225799999999999
594,collective behavior,562.2606122000002,6.716594773520978,1,0.6842199999999999
595,ordinal scales,529.4156264000005,6.3421214187211525,0,0.23828000000000002
596,deconstruction,574.8767942000002,6.689599269178967,13,0.06863999999999999
597,algorithms,6293.580785200009,4.68213122712422,412,8.46846
598,pilot studies,18447.10191939999,2.9957322735539917,42,5.15054
599,databases,2416.656705000001,5.170483995038151,191,8.5729
600,presenting research,12660.511866399946,3.3672958299864737,9,8.64362
601,confidentiality,1248.6596339000016,5.71042701737487,100,1.7178799999999999
602,regulation,12625.568139300027,3.9889840465642745,706,41.13382
603,computer-assisted personal interviews,132.46459929999997,7.8351837552667485,0,0.14842
604,non-response,1266.9379124000004,5.62040086571715,7,50.67944
605,item non-response,209.0544309,7.7016523626422275,0,2.4539
606,statistical power,3333.3123756000077,4.477336814478207,8,9.450439999999999
607,critical discourse analysis,274.97264419999993,7.357556200910352,3,0.18532
608,population parameters,373.9872813,6.843749949006225,1,10.29368
609,matrix algebra,94.55835490000001,7.898411092811599,0,0.10268
610,structuralism,622.6924455000002,6.274762021241939,4,0.005220000000000001
611,arima,129.89545629999998,8.954673628956414,2,0.15546
612,correlation,73806.94491889987,1.9459101490553128,175,35.3763
613,social network research,449.7599576000002,6.579251212010101,0,2.72024
614,cluster analysis,7787.385279000005,4.624972813284272,14,9.45598
615,qualitative data analysis,4212.938774,4.442651256490317,1,5.98414
616,interview schedules,1842.3874547000007,5.225746673713202,0,0.20174
617,secondary data analysis,1161.6106649000012,5.648974238161206,6,21.97174
618,qualitative interviewing,6440.988702900015,4.0943445622221,1,0.27242
619,cramer's v,701.0227271999997,6.914730892718563,0,0.1807
620,sociometry,8070.117344899998,4.6913478822291435,0,0.006540000000000001
621,youth-led research,16.902789900000002,9.530102337891377,0,0.5699
622,matrix representation,67.78125240000001,8.200837258379849,0,2.07746
623,jackknife methods,39.0455668,9.088172738001974,0,0.10405999999999999
624,sampling distribution,1261.4580799999997,5.641907070938113,0,8.2047
625,normal distribution,5664.337905399989,4.290459441148391,2,24.15796
626,internet research,3356.6362218000045,4.804021044733257,9,3.1705200000000002
627,virtual ethnography,14.8134492,10.117872862176439,0,0.00458
628,participatory research,1513.7557253999987,5.886104031450156,56,0.47973999999999994
629,parametric statistics,263.2268930000001,6.633318433280377,1,1.29978
630,probability,14650.509655500158,3.6375861597263857,177,14.779420000000002
631,truth claims,412.642265,6.590301048196688,1,0.26264
632,combining data,472.84820770000016,6.102558594613569,9,6.84508
633,measurement error,3836.425450200005,4.7535901911063645,9,6.3135
634,big data,358.94204469999994,7.396335293800808,30,2.48506
635,stata,235.77683260000006,6.843749949006225,2,2.21818
636,spss,1705.8698547999984,4.997212273764115,6,8.393139999999999
637,nonprobability sampling,266.58263960000005,6.792344427470808,0,0.013880000000000002
638,metric variables,85.68835090000003,7.719573989259581,0,0.8512799999999999
639,interpretive repertoires,418.86363219999987,8.395025557442029,0,0.00274
640,fixed effects model,1017.7357168,6.135564891081739,0,10.580919999999999
641,face validity,1675.3757131999994,5.2094861528414205,7,1.5063
642,fuzzy logic,127.66275240000002,8.54927308487965,6,0.15238
643,retrospective data,1029.2705105,5.572154032177764,4,10.03962
644,hierarchical linear models,3705.204751500003,5.1647859739235145,0,0.83134
645,intentionality,2363.547883899996,5.7235851019523825,4,0.06692000000000001
646,field notes,731.3726545999997,6.284134161070802,3,1.62684
647,quantitative data analysis,7359.1601177999955,3.713572066704309,2,18.0586
648,social network analysis,1144.6337547999985,6.4085287910594975,14,2.30658
649,hazard rates,290.607994,7.989560449333865,0,2.02628
650,bracketing,540.7756002000001,6.3421214187211525,0,0.08962
651,fragmentation,765.1662130000003,6.0063531596017325,51,3.7367199999999996
652,autocorrelation,1277.9278098000002,6.200509174042691,10,0.62866
653,empirical data,2591.3533943000016,4.532599493153255,54,5.08368
654,random sampling,4018.3857992000026,4.23410650459726,4,4.31608
655,fisher's exact test,1597.6024725000007,5.7430031878094825,0,3.10376
656,attrition,1937.4720795000005,5.420534999272285,28,1.15238
657,factor scales,3128.9280106000024,4.795790545596741,0,3.25678
658,observation schedules,0,11.727334985438429,1,0.36506